{
  "scene": "road_20110926_0015",
  "stride": 2,
  "droid_ate_real_m": 0.386634594919447,
  "droid_ate_rendered_m": 9.753948527011719,
  "delta_m": 9.367313932092271
}